[
{
  "model": "opencodelists.user",
  "pk": "jsmith",
  "fields": {
    "password": "pbkdf2_sha256$390000$BETu07ixYAfmaTPVonGVSX$aNj9hCagw46UMciZ2xgT5F5MI851uWZBrzwfFoB0ef8=",
    "last_login": "2023-01-24T10:06:20.033Z",
    "name": "John Smith",
    "email": "john@test.test",
    "is_active": true,
    "is_admin": false
  }
},
{
  "model": "opencodelists.organisation",
  "pk": "x-university",
  "fields": {
    "name": "X University",
    "url": "https://testx.ac.uk"
  }
},
{
  "model": "opencodelists.membership",
  "pk": 1,
  "fields": {
    "user": "jsmith",
    "organisation": "x-university",
    "is_admin": false,
    "date_joined": "2020-01-01"
  }
},
{
  "model": "codelists.codelist",
  "pk": 1,
  "fields": {
    "coding_system_id": "snomedct",
    "description": null,
    "methodology": null,
    "is_private": false,
    "created_at": "2023-01-24T10:06:20.127Z",
    "updated_at": "2023-01-24T10:06:20.127Z"
  }
},
{
  "model": "codelists.handle",
  "pk": 1,
  "fields": {
    "codelist": 1,
    "name": "Disorder of elbow",
    "slug": "disorder-of-elbow",
    "organisation": "x-university",
    "user": null,
    "is_current": true,
    "created_at": "2023-01-24T10:06:20.129Z",
    "updated_at": "2023-01-24T10:06:20.129Z"
  }
},
{
  "model": "codelists.codelistversion",
  "pk": 1,
  "fields": {
    "codelist": 1,
    "coding_system_release": 6,
    "status": "published",
    "author": null,
    "tag": null,
    "csv_data": null,
    "created_at": "2023-01-24T10:06:20.137Z",
    "updated_at": "2023-01-24T10:06:20.137Z",
    "compatible_releases": []
  }
},
{
  "model": "codelists.codelistversion",
  "pk": 2,
  "fields": {
    "codelist": 1,
    "coding_system_release": 6,
    "status": "under review",
    "author": "jsmith",
    "tag": null,
    "csv_data": null,
    "created_at": "2023-01-24T10:06:20.151Z",
    "updated_at": "2023-01-24T10:06:20.183Z",
    "compatible_releases": []
  }
},
{
  "model": "codelists.cachedhierarchy",
  "pk": 1,
  "fields": {
    "version": 1,
    "data": "{\"root\": \"138875005\", \"nodes\": [\"23680005\", \"439656005\", \"301857004\", \"302293008\", \"128139000\", \"239953001\", \"35185008\", \"363175000\", \"118952005\", \"123946008\", \"116307009\", \"202855006\", \"362965005\", \"118234003\", \"280134004\", \"404684003\", \"118947000\", \"248402002\", \"429554009\", \"116309007\", \"138875005\", \"128605003\", \"359643005\", \"363171009\", \"239964003\", \"156659008\", \"298869002\", \"363179006\", \"928000\", \"280135003\", \"19660004\", \"73583000\", \"106028002\", \"64572001\", \"399269003\", \"363170005\", \"128133004\"], \"child_map\": {\"118234003\": [\"123946008\", \"106028002\", \"248402002\", \"301857004\"], \"928000\": [\"363179006\", \"23680005\", \"399269003\"], \"128605003\": [\"363175000\", \"118947000\", \"280134004\"], \"399269003\": [\"429554009\"], \"363171009\": [\"363179006\"], \"429554009\": [\"439656005\"], \"363170005\": [\"363175000\", \"363171009\"], \"64572001\": [\"123946008\", \"73583000\", \"23680005\", \"359643005\", \"239964003\", \"362965005\", \"399269003\", \"128139000\", \"35185008\", \"363179006\"], \"123946008\": [\"19660004\", \"128605003\", \"362965005\", \"363170005\", \"928000\"], \"19660004\": [\"239953001\", \"280134004\"], \"280134004\": [\"280135003\"], \"439656005\": [\"202855006\"], \"362965005\": [\"363171009\", \"928000\"], \"363179006\": [\"359643005\"], \"248402002\": [\"19660004\"], \"118952005\": [\"298869002\", \"399269003\"], \"280135003\": [\"239964003\", \"35185008\"], \"106028002\": [\"118952005\", \"928000\"], \"128139000\": [\"363175000\", \"363171009\", \"363170005\"], \"359643005\": [\"73583000\"], \"116309007\": [\"128133004\", \"298869002\"], \"302293008\": [\"128605003\", \"116307009\"], \"35185008\": [\"73583000\"], \"23680005\": [\"359643005\", \"35185008\"], \"128133004\": [\"239964003\", \"429554009\", \"35185008\"], \"298869002\": [\"429554009\"], \"301857004\": [\"302293008\"], \"404684003\": [\"106028002\", \"64572001\", \"118234003\"], \"138875005\": [\"404684003\", \"156659008\"], \"118947000\": [\"128133004\", \"280135003\"], \"116307009\": [\"118947000\", \"116309007\"], \"239953001\": [\"239964003\"], \"73583000\": [\"202855006\"], \"363175000\": [\"73583000\"]}, \"parent_map\": {\"106028002\": [\"404684003\", \"118234003\"], \"399269003\": [\"118952005\", \"64572001\", \"928000\"], \"118947000\": [\"128605003\", \"116307009\"], \"429554009\": [\"128133004\", \"298869002\", \"399269003\"], \"363179006\": [\"363171009\", \"64572001\", \"928000\"], \"439656005\": [\"429554009\"], \"363175000\": [\"128139000\", \"128605003\", \"363170005\"], \"123946008\": [\"64572001\", \"118234003\"], \"928000\": [\"106028002\", \"123946008\", \"362965005\"], \"280134004\": [\"128605003\", \"19660004\"], \"73583000\": [\"363175000\", \"359643005\", \"64572001\", \"35185008\"], \"280135003\": [\"118947000\", \"280134004\"], \"202855006\": [\"439656005\", \"73583000\"], \"23680005\": [\"64572001\", \"928000\"], \"363171009\": [\"128139000\", \"363170005\", \"362965005\"], \"359643005\": [\"23680005\", \"64572001\", \"363179006\"], \"19660004\": [\"123946008\", \"248402002\"], \"298869002\": [\"118952005\", \"116309007\"], \"35185008\": [\"128133004\", \"280135003\", \"64572001\", \"23680005\"], \"248402002\": [\"118234003\"], \"362965005\": [\"123946008\", \"64572001\"], \"128605003\": [\"123946008\", \"302293008\"], \"239953001\": [\"19660004\"], \"363170005\": [\"128139000\", \"123946008\"], \"118952005\": [\"106028002\"], \"302293008\": [\"301857004\"], \"116307009\": [\"302293008\"], \"128139000\": [\"64572001\"], \"301857004\": [\"118234003\"], \"404684003\": [\"138875005\"], \"128133004\": [\"118947000\", \"116309007\"], \"156659008\": [\"138875005\"], \"239964003\": [\"128133004\", \"239953001\", \"64572001\", \"280135003\"], \"116309007\": [\"116307009\"], \"118234003\": [\"404684003\"], \"64572001\": [\"404684003\"]}, \"_descendants_cache\": {\"239964003\": [], \"202855006\": [], \"439656005\": [\"202855006\"], \"429554009\": [\"439656005\", \"202855006\"], \"73583000\": [\"202855006\"], \"35185008\": [\"202855006\", \"73583000\"], \"128133004\": [\"73583000\", \"439656005\", \"239964003\", \"202855006\", \"35185008\", \"429554009\"], \"156659008\": []}, \"_ancestors_cache\": {\"138875005\": [], \"404684003\": [\"138875005\"], \"64572001\": [\"404684003\", \"138875005\"], \"128139000\": [\"404684003\", \"64572001\", \"138875005\"], \"118234003\": [\"404684003\", \"138875005\"], \"123946008\": [\"404684003\", \"138875005\", \"64572001\", \"118234003\"], \"301857004\": [\"404684003\", \"138875005\", \"118234003\"], \"302293008\": [\"404684003\", \"118234003\", \"138875005\", \"301857004\"], \"128605003\": [\"138875005\", \"123946008\", \"301857004\", \"302293008\", \"64572001\", \"118234003\", \"404684003\"], \"363170005\": [\"138875005\", \"123946008\", \"64572001\", \"118234003\", \"404684003\", \"128139000\"], \"363175000\": [\"138875005\", \"123946008\", \"301857004\", \"128605003\", \"302293008\", \"64572001\", \"118234003\", \"404684003\", \"128139000\", \"363170005\"], \"106028002\": [\"404684003\", \"138875005\", \"118234003\"], \"362965005\": [\"404684003\", \"138875005\", \"123946008\", \"64572001\", \"118234003\"], \"928000\": [\"138875005\", \"123946008\", \"106028002\", \"64572001\", \"118234003\", \"404684003\", \"362965005\"], \"23680005\": [\"138875005\", \"123946008\", \"106028002\", \"64572001\", \"118234003\", \"404684003\", \"362965005\", \"928000\"], \"363171009\": [\"138875005\", \"123946008\", \"362965005\", \"64572001\", \"118234003\", \"404684003\", \"128139000\", \"363170005\"], \"363179006\": [\"138875005\", \"123946008\", \"363171009\", \"362965005\", \"64572001\", \"118234003\", \"404684003\", \"106028002\", \"128139000\", \"363170005\", \"928000\"], \"359643005\": [\"138875005\", \"23680005\", \"363171009\", \"128139000\", \"363179006\", \"928000\", \"123946008\", \"106028002\", \"64572001\", \"118234003\", \"404684003\", \"362965005\", \"363170005\"], \"116307009\": [\"404684003\", \"138875005\", \"301857004\", \"302293008\", \"118234003\"], \"118947000\": [\"138875005\", \"123946008\", \"116307009\", \"301857004\", \"128605003\", \"302293008\", \"64572001\", \"118234003\", \"404684003\"], \"116309007\": [\"404684003\", \"138875005\", \"116307009\", \"301857004\", \"302293008\", \"118234003\"], \"128133004\": [\"138875005\", \"123946008\", \"116307009\", \"301857004\", \"128605003\", \"302293008\", \"64572001\", \"118234003\", \"404684003\", \"118947000\", \"116309007\"], \"248402002\": [\"404684003\", \"138875005\", \"118234003\"], \"19660004\": [\"138875005\", \"123946008\", \"64572001\", \"118234003\", \"404684003\", \"248402002\"], \"280134004\": [\"138875005\", \"123946008\", \"19660004\", \"301857004\", \"128605003\", \"302293008\", \"64572001\", \"118234003\", \"404684003\", \"248402002\"], \"280135003\": [\"138875005\", \"301857004\", \"128605003\", \"302293008\", \"123946008\", \"116307009\", \"19660004\", \"64572001\", \"118234003\", \"404684003\", \"280134004\", \"118947000\", \"248402002\"], \"35185008\": [\"138875005\", \"301857004\", \"23680005\", \"128605003\", \"302293008\", \"928000\", \"123946008\", \"116307009\", \"280135003\", \"19660004\", \"106028002\", \"64572001\", \"118234003\", \"404684003\", \"280134004\", \"362965005\", \"118947000\", \"248402002\", \"128133004\", \"116309007\"], \"73583000\": [\"301857004\", \"23680005\", \"302293008\", \"128139000\", \"35185008\", \"363175000\", \"123946008\", \"116307009\", \"362965005\", \"118234003\", \"404684003\", \"280134004\", \"118947000\", \"248402002\", \"116309007\", \"138875005\", \"128605003\", \"359643005\", \"363171009\", \"363179006\", \"928000\", \"280135003\", \"19660004\", \"106028002\", \"64572001\", \"363170005\", \"128133004\"], \"239953001\": [\"138875005\", \"404684003\", \"123946008\", \"19660004\", \"248402002\", \"64572001\", \"118234003\"], \"239964003\": [\"138875005\", \"301857004\", \"128605003\", \"302293008\", \"239953001\", \"123946008\", \"116307009\", \"19660004\", \"280135003\", \"64572001\", \"118234003\", \"404684003\", \"280134004\", \"118947000\", \"248402002\", \"128133004\", \"116309007\"], \"156659008\": [\"138875005\"], \"118952005\": [\"404684003\", \"118234003\", \"106028002\", \"138875005\"], \"298869002\": [\"138875005\", \"116307009\", \"301857004\", \"106028002\", \"302293008\", \"118234003\", \"404684003\", \"118952005\", \"116309007\"], \"399269003\": [\"138875005\", \"123946008\", \"106028002\", \"64572001\", \"118234003\", \"404684003\", \"362965005\", \"928000\", \"118952005\"], \"429554009\": [\"138875005\", \"301857004\", \"128605003\", \"302293008\", \"298869002\", \"928000\", \"118952005\", \"123946008\", \"116307009\", \"106028002\", \"64572001\", \"118234003\", \"404684003\", \"399269003\", \"362965005\", \"118947000\", \"128133004\", \"116309007\"], \"439656005\": [\"138875005\", \"301857004\", \"128605003\", \"302293008\", \"298869002\", \"928000\", \"118952005\", \"123946008\", \"116307009\", \"106028002\", \"64572001\", \"118234003\", \"404684003\", \"399269003\", \"362965005\", \"118947000\", \"429554009\", \"128133004\", \"116309007\"], \"202855006\": [\"301857004\", \"439656005\", \"23680005\", \"302293008\", \"128139000\", \"35185008\", \"363175000\", \"118952005\", \"123946008\", \"116307009\", \"362965005\", \"118234003\", \"404684003\", \"280134004\", \"118947000\", \"248402002\", \"429554009\", \"116309007\", \"138875005\", \"128605003\", \"359643005\", \"363171009\", \"298869002\", \"928000\", \"363179006\", \"280135003\", \"73583000\", \"19660004\", \"106028002\", \"64572001\", \"399269003\", \"363170005\", \"128133004\"]}}"
  }
},
{
  "model": "codelists.cachedhierarchy",
  "pk": 2,
  "fields": {
    "version": 2,
    "data": "{\"root\": \"138875005\", \"nodes\": [\"714974000\", \"35185008\", \"282026002\", \"118952005\", \"128619003\", \"116312005\", \"123946008\", \"116307009\", \"3723001\", \"274144001\", \"240025005\", \"239964003\", \"363171009\", \"106076001\", \"609411003\", \"125592002\", \"280135003\", \"19660004\", \"419518009\", \"106077005\", \"64572001\", \"400209005\", \"439656005\", \"417163006\", \"298756009\", \"239953001\", \"406119002\", \"363175000\", \"95320005\", \"415531008\", \"238458007\", \"118234003\", \"280134004\", \"116309007\", \"138875005\", \"105965008\", \"118937003\", \"363169009\", \"76069003\", \"373591006\", \"80659006\", \"400202001\", \"73583000\", \"399269003\", \"118932009\", \"23680005\", \"312225001\", \"128139000\", \"299573000\", \"280136002\", \"362965005\", \"404684003\", \"118947000\", \"429554009\", \"238535007\", \"700012005\", \"700010002\", \"156659008\", \"298869002\", \"928000\", \"363170005\", \"419026008\", \"128597007\", \"128133004\", \"125604000\", \"105969002\", \"247440002\", \"417746004\", \"301857004\", \"302293008\", \"103001000119108\", \"238484001\", \"202855006\", \"116316008\", \"128131002\", \"282776008\", \"95324001\", \"118953000\", \"248402002\", \"127279002\", \"44462005\", \"359643005\", \"128605003\", \"298163003\", \"363179006\", \"88230002\", \"609336008\", \"298160000\", \"106028002\", \"282745002\", \"128598002\"], \"child_map\": {\"118234003\": [\"415531008\", \"123946008\", \"301857004\", \"106028002\", \"106077005\", \"248402002\"], \"928000\": [\"88230002\", \"23680005\", \"399269003\", \"312225001\", \"363179006\"], \"399269003\": [\"3723001\", \"429554009\"], \"429554009\": [\"439656005\"], \"363170005\": [\"363175000\", \"363171009\", \"363169009\"], \"301857004\": [\"80659006\", \"106076001\", \"302293008\"], \"64572001\": [\"23680005\", \"417163006\", \"128139000\", \"35185008\", \"95320005\", \"103001000119108\", \"123946008\", \"3723001\", \"362965005\", \"95324001\", \"700012005\", \"700010002\", \"359643005\", \"239964003\", \"363169009\", \"76069003\", \"363179006\", \"80659006\", \"73583000\", \"399269003\", \"105969002\"], \"419026008\": [\"373591006\", \"400209005\"], \"105965008\": [\"238535007\"], \"118937003\": [\"127279002\", \"280136002\", \"118932009\", \"700012005\"], \"299573000\": [\"282776008\"], \"123946008\": [\"19660004\", \"128605003\", \"362965005\", \"128598002\", \"312225001\", \"363170005\", \"128597007\", \"928000\", \"609411003\", \"105969002\"], \"404684003\": [\"714974000\", \"106028002\", \"64572001\", \"118234003\", \"419026008\", \"118953000\"], \"105969002\": [\"312225001\"], \"118932009\": [\"240025005\", \"125604000\", \"128619003\"], \"417746004\": [\"609336008\", \"125592002\", \"282745002\"], \"116316008\": [\"118932009\", \"406119002\", \"299573000\"], \"400202001\": [\"103001000119108\"], \"95320005\": [\"373591006\", \"95324001\", \"400202001\", \"105965008\"], \"282026002\": [\"238458007\"], \"280135003\": [\"239964003\", \"35185008\"], \"700010002\": [\"125604000\"], \"128139000\": [\"363175000\", \"363171009\", \"363170005\"], \"363175000\": [\"439656005\", \"73583000\"], \"714974000\": [\"95324001\"], \"106077005\": [\"128598002\", \"106076001\"], \"419518009\": [\"116316008\"], \"128605003\": [\"118937003\", \"280134004\", \"118947000\", \"128597007\", \"363175000\"], \"298163003\": [\"439656005\"], \"88230002\": [\"76069003\"], \"417163006\": [\"609336008\", \"417746004\", \"400209005\", \"282026002\", \"609411003\"], \"298160000\": [\"298163003\", \"3723001\"], \"128133004\": [\"239964003\", \"429554009\", \"35185008\"], \"298869002\": [\"298163003\", \"429554009\"], \"103001000119108\": [\"238484001\"], \"302293008\": [\"128605003\", \"116307009\", \"116312005\"], \"116307009\": [\"298756009\", \"118947000\", \"116309007\"], \"238535007\": [\"238458007\"], \"23680005\": [\"359643005\", \"35185008\"], \"118947000\": [\"128133004\", \"128131002\", \"280135003\"], \"118952005\": [\"298160000\", \"298869002\", \"399269003\"], \"406119002\": [\"128619003\", \"299573000\"], \"138875005\": [\"404684003\", \"156659008\"], \"373591006\": [\"238458007\"], \"415531008\": [\"247440002\", \"106076001\"], \"80659006\": [\"95320005\"], \"247440002\": [\"714974000\"], \"363179006\": [\"274144001\", \"359643005\", \"3723001\"], \"128619003\": [\"282776008\"], \"106076001\": [\"95320005\"], \"363171009\": [\"363179006\"], \"128131002\": [\"202855006\"], \"95324001\": [\"238458007\", \"103001000119108\"], \"127279002\": [\"700010002\", \"125604000\"], \"19660004\": [\"280136002\", \"80659006\", \"239953001\", \"280134004\"], \"282745002\": [\"238458007\"], \"439656005\": [\"202855006\"], \"280134004\": [\"280136002\", \"280135003\"], \"239953001\": [\"239964003\", \"282026002\", \"95324001\", \"240025005\"], \"116312005\": [\"118937003\", \"116316008\", \"419518009\"], \"609411003\": [\"609336008\"], \"362965005\": [\"128598002\", \"363171009\", \"928000\"], \"240025005\": [\"103001000119108\"], \"700012005\": [\"700010002\", \"118932009\"], \"76069003\": [\"274144001\", \"44462005\"], \"312225001\": [\"76069003\"], \"248402002\": [\"19660004\", \"106076001\"], \"3723001\": [\"439656005\"], \"609336008\": [\"127279002\", \"282026002\", \"125592002\"], \"106028002\": [\"118952005\", \"118953000\", \"928000\"], \"359643005\": [\"73583000\"], \"238458007\": [\"238484001\"], \"274144001\": [\"44462005\"], \"44462005\": [\"202855006\"], \"116309007\": [\"128133004\", \"298869002\"], \"128598002\": [\"80659006\", \"125592002\"], \"363169009\": [\"3723001\"], \"35185008\": [\"73583000\"], \"118953000\": [\"298756009\", \"76069003\"], \"280136002\": [\"400202001\"], \"125604000\": [\"282776008\"], \"298756009\": [\"202855006\"], \"128597007\": [\"128619003\"], \"400209005\": [\"238458007\"], \"73583000\": [\"202855006\"], \"282776008\": [\"238484001\"], \"125592002\": [\"238458007\"]}, \"parent_map\": {\"106028002\": [\"404684003\", \"118234003\"], \"399269003\": [\"118952005\", \"64572001\", \"928000\"], \"429554009\": [\"128133004\", \"298869002\", \"399269003\"], \"439656005\": [\"363175000\", \"3723001\", \"298163003\", \"429554009\"], \"3723001\": [\"298160000\", \"363169009\", \"64572001\", \"399269003\", \"363179006\"], \"363175000\": [\"128139000\", \"128605003\", \"363170005\"], \"80659006\": [\"128598002\", \"19660004\", \"64572001\", \"301857004\"], \"400209005\": [\"417163006\", \"419026008\"], \"238535007\": [\"105965008\"], \"123946008\": [\"64572001\", \"118234003\"], \"700012005\": [\"118937003\", \"64572001\"], \"282776008\": [\"128619003\", \"125604000\", \"299573000\"], \"928000\": [\"106028002\", \"123946008\", \"362965005\"], \"103001000119108\": [\"95324001\", \"240025005\", \"400202001\", \"64572001\"], \"700010002\": [\"127279002\", \"64572001\", \"700012005\"], \"363169009\": [\"363170005\", \"64572001\"], \"118953000\": [\"404684003\", \"106028002\"], \"312225001\": [\"123946008\", \"928000\", \"105969002\"], \"128598002\": [\"123946008\", \"106077005\", \"362965005\"], \"363171009\": [\"128139000\", \"363170005\", \"362965005\"], \"125604000\": [\"127279002\", \"700010002\", \"118932009\"], \"125592002\": [\"128598002\", \"609336008\", \"417746004\"], \"105969002\": [\"123946008\", \"64572001\"], \"406119002\": [\"116316008\"], \"373591006\": [\"95320005\", \"419026008\"], \"238458007\": [\"238535007\", \"282745002\", \"373591006\", \"95324001\", \"400209005\", \"282026002\", \"125592002\"], \"35185008\": [\"128133004\", \"280135003\", \"64572001\", \"23680005\"], \"714974000\": [\"404684003\", \"247440002\"], \"95324001\": [\"714974000\", \"95320005\", \"239953001\", \"64572001\"], \"248402002\": [\"118234003\"], \"116316008\": [\"419518009\", \"116312005\"], \"359643005\": [\"23680005\", \"64572001\", \"363179006\"], \"362965005\": [\"123946008\", \"64572001\"], \"280134004\": [\"128605003\", \"19660004\"], \"76069003\": [\"88230002\", \"312225001\", \"118953000\", \"64572001\"], \"609411003\": [\"417163006\", \"123946008\"], \"363170005\": [\"128139000\", \"123946008\"], \"302293008\": [\"301857004\"], \"415531008\": [\"118234003\"], \"238484001\": [\"238458007\", \"103001000119108\", \"282776008\"], \"282026002\": [\"417163006\", \"609336008\", \"239953001\"], \"128597007\": [\"128605003\", \"123946008\"], \"128605003\": [\"123946008\", \"302293008\"], \"116307009\": [\"302293008\"], \"240025005\": [\"239953001\", \"118932009\"], \"301857004\": [\"118234003\"], \"298756009\": [\"116307009\", \"118953000\"], \"118937003\": [\"128605003\", \"116312005\"], \"128133004\": [\"118947000\", \"116309007\"], \"118947000\": [\"128605003\", \"116307009\"], \"298160000\": [\"118952005\"], \"128619003\": [\"128597007\", \"118932009\", \"406119002\"], \"239964003\": [\"128133004\", \"239953001\", \"64572001\", \"280135003\"], \"299573000\": [\"116316008\", \"406119002\"], \"156659008\": [\"138875005\"], \"118932009\": [\"118937003\", \"116316008\", \"700012005\"], \"106076001\": [\"415531008\", \"106077005\", \"248402002\", \"301857004\"], \"116309007\": [\"116307009\"], \"298163003\": [\"298160000\", \"298869002\"], \"116312005\": [\"302293008\"], \"247440002\": [\"415531008\"], \"73583000\": [\"363175000\", \"359643005\", \"64572001\", \"35185008\"], \"95320005\": [\"80659006\", \"106076001\", \"64572001\"], \"274144001\": [\"76069003\", \"363179006\"], \"282745002\": [\"417746004\"], \"363179006\": [\"363171009\", \"64572001\", \"928000\"], \"202855006\": [\"73583000\", \"439656005\", \"128131002\", \"298756009\", \"44462005\"], \"280135003\": [\"118947000\", \"280134004\"], \"23680005\": [\"64572001\", \"928000\"], \"88230002\": [\"928000\"], \"105965008\": [\"95320005\"], \"127279002\": [\"118937003\", \"609336008\"], \"609336008\": [\"417163006\", \"609411003\", \"417746004\"], \"44462005\": [\"274144001\", \"76069003\"], \"128131002\": [\"118947000\"], \"419026008\": [\"404684003\"], \"298869002\": [\"118952005\", \"116309007\"], \"19660004\": [\"123946008\", \"248402002\"], \"400202001\": [\"95320005\", \"280136002\"], \"280136002\": [\"118937003\", \"19660004\", \"280134004\"], \"239953001\": [\"19660004\"], \"118952005\": [\"106028002\"], \"417163006\": [\"64572001\"], \"106077005\": [\"118234003\"], \"419518009\": [\"116312005\"], \"128139000\": [\"64572001\"], \"404684003\": [\"138875005\"], \"417746004\": [\"417163006\"], \"118234003\": [\"404684003\"], \"64572001\": [\"404684003\"]}, \"_descendants_cache\": {}, \"_ancestors_cache\": {}}"
  }
},
{
  "model": "codelists.codeobj",
  "pk": 1,
  "fields": {
    "version": 1,
    "code": "439656005",
    "status": "-"
  }
},
{
  "model": "codelists.codeobj",
  "pk": 2,
  "fields": {
    "version": 1,
    "code": "35185008",
    "status": "(+)"
  }
},
{
  "model": "codelists.codeobj",
  "pk": 3,
  "fields": {
    "version": 1,
    "code": "202855006",
    "status": "(-)"
  }
},
{
  "model": "codelists.codeobj",
  "pk": 4,
  "fields": {
    "version": 1,
    "code": "429554009",
    "status": "(+)"
  }
},
{
  "model": "codelists.codeobj",
  "pk": 5,
  "fields": {
    "version": 1,
    "code": "239964003",
    "status": "(+)"
  }
},
{
  "model": "codelists.codeobj",
  "pk": 6,
  "fields": {
    "version": 1,
    "code": "156659008",
    "status": "+"
  }
},
{
  "model": "codelists.codeobj",
  "pk": 7,
  "fields": {
    "version": 1,
    "code": "73583000",
    "status": "(+)"
  }
},
{
  "model": "codelists.codeobj",
  "pk": 8,
  "fields": {
    "version": 1,
    "code": "128133004",
    "status": "+"
  }
},
{
  "model": "codelists.codeobj",
  "pk": 9,
  "fields": {
    "version": 2,
    "code": "439656005",
    "status": "+"
  }
},
{
  "model": "codelists.codeobj",
  "pk": 10,
  "fields": {
    "version": 2,
    "code": "35185008",
    "status": "(+)"
  }
},
{
  "model": "codelists.codeobj",
  "pk": 11,
  "fields": {
    "version": 2,
    "code": "202855006",
    "status": "(+)"
  }
},
{
  "model": "codelists.codeobj",
  "pk": 12,
  "fields": {
    "version": 2,
    "code": "429554009",
    "status": "(+)"
  }
},
{
  "model": "codelists.codeobj",
  "pk": 13,
  "fields": {
    "version": 2,
    "code": "239964003",
    "status": "(+)"
  }
},
{
  "model": "codelists.codeobj",
  "pk": 14,
  "fields": {
    "version": 2,
    "code": "156659008",
    "status": "+"
  }
},
{
  "model": "codelists.codeobj",
  "pk": 15,
  "fields": {
    "version": 2,
    "code": "73583000",
    "status": "(+)"
  }
},
{
  "model": "codelists.codeobj",
  "pk": 16,
  "fields": {
    "version": 2,
    "code": "128133004",
    "status": "+"
  }
},
{
  "model": "codelists.codeobj",
  "pk": 17,
  "fields": {
    "version": 2,
    "code": "3723001",
    "status": "-"
  }
},
{
  "model": "codelists.codeobj",
  "pk": 18,
  "fields": {
    "version": 2,
    "code": "238484001",
    "status": "-"
  }
},
{
  "model": "codelists.codeobj",
  "pk": 19,
  "fields": {
    "version": 2,
    "code": "298163003",
    "status": "(-)"
  }
},
{
  "model": "codelists.codeobj",
  "pk": 20,
  "fields": {
    "version": 2,
    "code": "298869002",
    "status": "(-)"
  }
},
{
  "model": "codelists.codeobj",
  "pk": 21,
  "fields": {
    "version": 2,
    "code": "116309007",
    "status": "-"
  }
},
{
  "model": "codelists.search",
  "pk": 1,
  "fields": {
    "version": 2,
    "term": "arthritis",
    "code": null,
    "slug": "arthritis"
  }
},
{
  "model": "codelists.search",
  "pk": 2,
  "fields": {
    "version": 2,
    "term": "tennis",
    "code": null,
    "slug": "tennis"
  }
},
{
  "model": "codelists.search",
  "pk": 3,
  "fields": {
    "version": 2,
    "term": "elbow",
    "code": null,
    "slug": "elbow"
  }
},
{
  "model": "codelists.searchresult",
  "pk": 1,
  "fields": {
    "search": 1,
    "code_obj": 11
  }
},
{
  "model": "codelists.searchresult",
  "pk": 2,
  "fields": {
    "search": 1,
    "code_obj": 17
  }
},
{
  "model": "codelists.searchresult",
  "pk": 3,
  "fields": {
    "search": 1,
    "code_obj": 9
  }
},
{
  "model": "codelists.searchresult",
  "pk": 4,
  "fields": {
    "search": 2,
    "code_obj": 14
  }
},
{
  "model": "codelists.searchresult",
  "pk": 5,
  "fields": {
    "search": 2,
    "code_obj": 11
  }
},
{
  "model": "codelists.searchresult",
  "pk": 6,
  "fields": {
    "search": 2,
    "code_obj": 18
  }
},
{
  "model": "codelists.searchresult",
  "pk": 7,
  "fields": {
    "search": 3,
    "code_obj": 21
  }
},
{
  "model": "codelists.searchresult",
  "pk": 8,
  "fields": {
    "search": 3,
    "code_obj": 16
  }
},
{
  "model": "codelists.searchresult",
  "pk": 9,
  "fields": {
    "search": 3,
    "code_obj": 14
  }
},
{
  "model": "codelists.searchresult",
  "pk": 10,
  "fields": {
    "search": 3,
    "code_obj": 11
  }
},
{
  "model": "codelists.searchresult",
  "pk": 11,
  "fields": {
    "search": 3,
    "code_obj": 13
  }
},
{
  "model": "codelists.searchresult",
  "pk": 12,
  "fields": {
    "search": 3,
    "code_obj": 19
  }
},
{
  "model": "codelists.searchresult",
  "pk": 13,
  "fields": {
    "search": 3,
    "code_obj": 20
  }
},
{
  "model": "codelists.searchresult",
  "pk": 14,
  "fields": {
    "search": 3,
    "code_obj": 10
  }
},
{
  "model": "codelists.searchresult",
  "pk": 15,
  "fields": {
    "search": 3,
    "code_obj": 12
  }
},
{
  "model": "codelists.searchresult",
  "pk": 16,
  "fields": {
    "search": 3,
    "code_obj": 9
  }
},
{
  "model": "codelists.searchresult",
  "pk": 17,
  "fields": {
    "search": 3,
    "code_obj": 15
  }
},
{
  "model": "codelists.signoff",
  "pk": 1,
  "fields": {
    "codelist": 1,
    "user": "jsmith",
    "date": "2020-02-29"
  }
},
{
  "model": "codelists.reference",
  "pk": 1,
  "fields": {
    "codelist": 1,
    "text": "Reference 1",
    "url": "https://example.com/reference1"
  }
},
{
  "model": "codelists.reference",
  "pk": 2,
  "fields": {
    "codelist": 1,
    "text": "Reference 2",
    "url": "https://example.com/reference2"
  }
},
{
  "model": "versioning.codingsystemrelease",
  "pk": 1,
  "fields": {
    "coding_system": "snomedct",
    "release_name": "test",
    "valid_from": "2020-01-01",
    "import_timestamp": "2022-10-24T15:38:52.231Z",
    "import_ref": "unknown",
    "database_alias": "snomedct_test_20200101",
    "state": "ready"
  }
},
{
  "model": "versioning.codingsystemrelease",
  "pk": 2,
  "fields": {
    "coding_system": "dmd",
    "release_name": "test",
    "valid_from": "2020-01-01",
    "import_timestamp": "2022-10-24T15:38:52.231Z",
    "import_ref": "unknown",
    "database_alias": "dmd_test_20200101",
    "state": "ready"
  }
},
{
  "model": "versioning.codingsystemrelease",
  "pk": 3,
  "fields": {
    "coding_system": "icd10",
    "release_name": "test",
    "valid_from": "2020-01-01",
    "import_timestamp": "2022-10-24T15:38:52.231Z",
    "import_ref": "unknown",
    "database_alias": "icd10_test_20200101",
    "state": "ready"
  }
},
{
  "model": "versioning.codingsystemrelease",
  "pk": 4,
  "fields": {
    "coding_system": "ctv3",
    "release_name": "test",
    "valid_from": "2020-01-01",
    "import_timestamp": "2022-10-24T15:38:52.231Z",
    "import_ref": "unknown",
    "database_alias": "ctv3_test_20200101",
    "state": "ready"
  }
},
{
  "model": "versioning.codingsystemrelease",
  "pk": 5,
  "fields": {
    "coding_system": "bnf",
    "release_name": "test",
    "valid_from": "2020-01-01",
    "import_timestamp": "2022-10-24T15:38:52.231Z",
    "import_ref": "unknown",
    "database_alias": "bnf_test_20200101",
    "state": "ready"
  }
},
{
  "model": "versioning.codingsystemrelease",
  "pk": 6,
  "fields": {
    "coding_system": "snomedct",
    "release_name": "Version X.x",
    "valid_from": "2022-11-01",
    "import_timestamp": "2023-01-24T10:06:18.323Z",
    "import_ref": "",
    "database_alias": "snomedct_version-xx_20221101",
    "state": "ready"
  }
}
]
