<?xml version="1.0" encoding="UTF-8"?>
<!DOCTYPE ClaML SYSTEM "ClaML.dtd">
<ClaML version="2.0.0">
	<Meta name="TopLevelSort" value="I II III IV V VI VII VIII IX X XI XII XIII XIV XV XVI XVII XVIII XIX XX XXI XXII"/>
	<Meta name="lang" value="en"/>
	<Identifier authority="WHO" uid="icd10_20210322"/>
	<Title date="2020-03-22" name="ICD-10-EN" version="2019-covid-expanded">International Statistical Classification of Diseases and Related Health Problems 10th Revision</Title>
		<Class code="XI" kind="chapter">
		<SubClass code="K20-K31"/>
		<Rubric id="id-icd10_20190322-1587556953279-12081" kind="preferred">
			<Label xml:lang="en" xml:space="default">Diseases of the digestive system</Label>
		</Rubric>
		<Rubric id="id-icd10_20190322-1587556953279-12082" kind="exclusion">
			<Label xml:lang="en" xml:space="default">certain conditions originating in the perinatal period<Reference class="in brackets" code="P00">P00-P96</Reference></Label>
		</Rubric>
		<Rubric id="id-icd10_20190322-1587556953279-12083" kind="exclusion">
			<Label xml:lang="en" xml:space="default">certain infectious and parasitic diseases<Reference class="in brackets" code="A00">A00-B99</Reference></Label>
		</Rubric>
		<Rubric id="id-icd10_20190322-1587556953279-12084" kind="exclusion">
			<Label xml:lang="en" xml:space="default">complications of pregnancy, childbirth and the puerperium<Reference class="in brackets" code="O00">O00-O99</Reference></Label>
		</Rubric>
		<Rubric id="id-icd10_20190322-1587556953279-12085" kind="exclusion">
			<Label xml:lang="en" xml:space="default">congenital malformations, deformations and chromosomal abnormalities<Reference class="in brackets" code="Q00">Q00-Q99</Reference></Label>
		</Rubric>
		<Rubric id="id-icd10_20190322-1587556953279-12086" kind="exclusion">
			<Label xml:lang="en" xml:space="default">endocrine, nutritional and metabolic diseases<Reference class="in brackets" code="E00">E00-E90</Reference></Label>
		</Rubric>
		<Rubric id="id-icd10_20190322-1587556953279-12087" kind="exclusion">
			<Label xml:lang="en" xml:space="default">injury, poisoning and certain other consequences of external causes<Reference class="in brackets" code="S00">S00-T98</Reference></Label>
		</Rubric>
		<Rubric id="id-icd10_20190322-1587556953279-12088" kind="exclusion">
			<Label xml:lang="en" xml:space="default">neoplasms<Reference class="in brackets" code="C00">C00-D48</Reference></Label>
		</Rubric>
		<Rubric id="id-icd10_20190322-1587556953279-12089" kind="exclusion">
			<Label xml:lang="en" xml:space="default">symptoms, signs and abnormal clinical and laboratory findings, not elsewhere classified<Reference class="in brackets" code="R00">R00-R99</Reference></Label>
		</Rubric>
	</Class>
	<Class code="K20-K31" kind="block">
		<SuperClass code="XI"/>
		<SubClass code="K25"/>
		<Rubric id="id-icd10_20190322-1587556953279-12541" kind="preferred">
			<Label xml:lang="en" xml:space="default">Diseases of oesophagus, stomach and duodenum</Label>
		</Rubric>
	</Class>
	<Class code="K25" kind="category">
		<Meta name="MortBCode" value="183"/>
		<Meta name="MortL4Code" value="4-024"/>
		<Meta name="MortL3Code" value="3-035"/>
		<Meta name="MortL2Code" value="2-063"/>
		<Meta name="MortL1Code" value="1-079"/>
		<SuperClass code="K20-K31"/>
		<ModifiedBy all="true" code="S11K25_4"/>
		<Rubric id="id-icd10_20190322-1587556953279-12604" kind="preferred">
			<Label xml:lang="en" xml:space="default">Gastric ulcer</Label>
		</Rubric>
		<Rubric id="id-icd10_20190322-1587556953279-12605" kind="modifierlink">
			<Label xml:lang="en" xml:space="default">
				<Reference code="S11K25_4">[See at the beginning of this block for subdivisions]</Reference>
			</Label>
		</Rubric>
		<Rubric id="id-icd10_20190322-1587556953279-12606" kind="inclusion">
			<Label xml:lang="en" xml:space="default">erosion (acute) of stomach</Label>
		</Rubric>
		<Rubric id="id-icd10_20190322-1587556953279-12607" kind="inclusion">
			<Label xml:lang="en" xml:space="default">
				<Fragment type="list">ulcer (peptic):</Fragment>
				<Fragment type="list">pylorus</Fragment>
			</Label>
		</Rubric>
		<Rubric id="id-icd10_20190322-1587556953279-12608" kind="inclusion">
			<Label xml:lang="en" xml:space="default">
				<Fragment type="list">ulcer (peptic):</Fragment>
				<Fragment type="list">stomach</Fragment>
			</Label>
		</Rubric>
		<Rubric id="id-icd10_20190322-1587556953279-12609" kind="coding-hint">
			<Label xml:lang="en" xml:space="default">Use additional external cause code (Chapter XX), if desired, to identify drug, if drug-induced.</Label>
		</Rubric>
		<Rubric id="id-icd10_20190322-1587556953279-12610" kind="exclusion">
			<Label xml:lang="en" xml:space="default">acute haemorrhagic erosive gastritis
				<Reference class="in brackets">K29.0</Reference>
			</Label>
		</Rubric>
		<Rubric id="id-icd10_20190322-1587556953279-12611" kind="exclusion">
			<Label xml:lang="en" xml:space="default">peptic ulcer NOS
				<Reference class="in brackets" code="K27">K27.-</Reference>
			</Label>
		</Rubric>
	</Class>
	<Modifier code="S11K25_4">
		<SubClass code=".0"/>
		<SubClass code=".1"/>
		<SubClass code=".2"/>
		<SubClass code=".3"/>
		<SubClass code=".4"/>
		<SubClass code=".5"/>
		<SubClass code=".6"/>
		<SubClass code=".7"/>
		<SubClass code=".9"/>
		<Rubric id="id-icd10_20190322-1587556953279-6" kind="text">
			<Label xml:lang="en" xml:space="default">
				<Para>The following fourth-character subdivisions are for use with categories K25-K28:</Para>
			</Label>
		</Rubric>
	</Modifier>
	<ModifierClass code="0" modifier="S11K25_4">
		<SuperClass code="S11K25_4"/>
		<Rubric id="id-icd10_20190322-1587556953279-135" kind="preferredLong">
			<Label xml:lang="en" xml:space="default">Code does not start with ., ignored</Label>
		</Rubric>
	</ModifierClass>
	<ModifierClass code=".0" modifier="S11K25_4">
		<SuperClass code="S11K25_4"/>
		<Rubric id="id-icd10_20190322-1587556953279-136" kind="preferredLong">
			<Label xml:lang="en" xml:space="default">Acute with haemorrhage</Label>
		</Rubric>
	</ModifierClass>
	<ModifierClass code=".1" modifier="S11K25_4">
		<SuperClass code="S11K25_4"/>
		<Rubric id="id-icd10_20190322-1587556953279-137" kind="preferred">
			<Label xml:lang="en" xml:space="default">Acute with perforation</Label>
		</Rubric>
	</ModifierClass>
	<ModifierClass code=".2" modifier="S11K25_4">
		<SuperClass code="S11K25_4"/>
		<Rubric id="id-icd10_20190322-1587556953279-138" kind="preferred">
			<Label xml:lang="en" xml:space="default">Acute with both haemorrhage and perforation</Label>
		</Rubric>
	</ModifierClass>
	<ModifierClass code=".3" modifier="S11K25_4">
		<SuperClass code="S11K25_4"/>
		<Rubric id="id-icd10_20190322-1587556953279-139" kind="preferred">
			<Label xml:lang="en" xml:space="default">Acute without haemorrhage or perforation</Label>
		</Rubric>
	</ModifierClass>
	<ModifierClass code=".4" modifier="S11K25_4">
		<SuperClass code="S11K25_4"/>
		<Rubric id="id-icd10_20190322-1587556953279-140" kind="preferred">
			<Label xml:lang="en" xml:space="default">Chronic or unspecified with haemorrhage</Label>
		</Rubric>
	</ModifierClass>
	<ModifierClass code=".5" modifier="S11K25_4">
		<SuperClass code="S11K25_4"/>
		<Rubric id="id-icd10_20190322-1587556953279-141" kind="preferred">
			<Label xml:lang="en" xml:space="default">Chronic or unspecified with perforation</Label>
		</Rubric>
	</ModifierClass>
	<ModifierClass code=".6" modifier="S11K25_4">
		<SuperClass code="S11K25_4"/>
		<Rubric id="id-icd10_20190322-1587556953279-142" kind="preferred">
			<Label xml:lang="en" xml:space="default">Chronic or unspecified with both haemorrhage and perforation</Label>
		</Rubric>
	</ModifierClass>
	<ModifierClass code=".7" modifier="S11K25_4">
		<SuperClass code="S11K25_4"/>
		<Rubric id="id-icd10_20190322-1587556953279-143" kind="preferred">
			<Label xml:lang="en" xml:space="default">Chronic without haemorrhage or perforation</Label>
		</Rubric>
	</ModifierClass>
	<ModifierClass code=".9" modifier="S11K25_4">
		<SuperClass code="S11K25_4"/>
		<Rubric id="id-icd10_20190322-1587556953279-144" kind="preferred">
			<Label xml:lang="en" xml:space="default">Unspecified as acute or chronic, without haemorrhage or perforation</Label>
		</Rubric>
	</ModifierClass>

</ClaML>
